年度,月份,光電站名稱,單機容量(kW),發電量(度),平均單位裝置容量每日發電量,地址,緯度,經度
2016,1,大潭光電,651.42,28418,1.41,桃園市觀音區大潭里電廠路1號,25.03115,121.0529
2016,1,中大光電,40.25,1642,1.32,桃園市中壢區三民里,24.972137,121.200708
2016,1,中部儲運光電,91.8,4805,1.69,臺中市后里區后里里,24.323175,120.726434
2016,1,新伯公光電,115.8,5391,1.5,臺中市東勢區上城里,24.221311,120.842605
2016,1,卓蘭光電,41.9,2660,2.05,苗栗縣卓蘭鎮老庄里,24.31509,120.83057
2016,1,台中電廠生水池,2123.04,154455,2.35,台中市龍井區,24.212951,120.490587
2016,1,龍井光電,6485.94,490214,2.44,臺中市龍井區福田里,24.20905,120.49464
2016,1,后里光電,91.125,6386,2.26,臺中市后里區廣福里,24.296014,120.727262
2016,1,民雄光電,60,2666,1.43,嘉義縣民雄鄉文隆村,23.539493,120.425713
2016,1,永安鹽灘光電,4636.8,367955,2.56,高雄市永安區鹽田里,22.838301,120.206682
2016,1,興達電廠生水池,1627.65,126346,2.5,高雄市永安區興達路6號,22.85893,120.2006475
2016,1,路北光電,60.03,4854,2.61,高雄市路竹區後鄉里,22.83792,120.247142
2016,1,核三廠光電,1458.24,120185,2.66,屏東縣恆春鎮南灣里,21.95814,120.7518569
2016,1,澎湖光電,70.61,3986,1.82,澎湖縣湖西鄉尖山村,23.5636,119.659678
2016,1,七美光電I,154.56,6114,1.28,澎湖縣七美鄉南港村,23.205850,119.442097
2016,1,金門光電,528,34445,2.1,金門縣金沙鎮西園里,24.4993,118.40342
2016,2,大潭光電,651.42,35842,1.77,桃園市觀音區大潭里電廠路1號,25.03115,121.0529
2016,2,中大光電,40.25,1929,1.55,桃園市中壢區三民里,24.972137,121.200708
2016,2,中部儲運光電,91.8,5449,1.91,臺中市后里區后里里,24.323175,120.726434
2016,2,新伯公光電,115.8,6499,1.81,臺中市東勢區上城里,24.221311,120.842605
2016,2,卓蘭光電,41.9,3019,2.32,苗栗縣卓蘭鎮老庄里,24.31509,120.83057
2016,2,台中電廠生水池,2123.04,162792,2.47,台中市龍井區,24.212951,120.490587
2016,2,龍井光電,6485.94,528472,2.63,臺中市龍井區福田里,24.20905,120.49464
2016,2,后里光電,91.125,6965,2.47,臺中市后里區廣福里,24.296014,120.727262
2016,2,民雄光電,60,3422,1.84,嘉義縣民雄鄉文隆村,23.539493,120.425713
2016,2,永安鹽灘光電,4636.8,478599,3.33,高雄市永安區鹽田里,22.838301,120.206682
2016,2,興達電廠生水池,1627.65,168571,3.34,高雄市永安區興達路6號,22.85893,120.2006475
2016,2,路北光電,60.03,5427,2.92,高雄市路竹區後鄉里,22.83792,120.247142
2016,2,核三廠光電,1458.24,165213,3.65,屏東縣恆春鎮南灣里,21.95814,120.7518569
2016,2,澎湖光電,70.61,5201,2.38,澎湖縣湖西鄉尖山村,23.5636,119.659678
2016,2,七美光電I,154.56,8394,1.75,澎湖縣七美鄉南港村,23.205850,119.442097
2016,2,金門光電,528,43127,2.63,金門縣金沙鎮西園里,24.4993,118.40342
2016,3,大潭光電,651.42,43362,2.15,桃園市觀音區大潭里電廠路1號,25.02966,121.0512583
2016,3,中大光電,40.25,2407,1.93,桃園市中壢區三民里,24.972137,121.200708
2016,3,中部儲運光電,91.8,6147,2.16,臺中市后里區后里里,24.323175,120.726434
2016,3,新伯公光電,115.8,6962,1.94,臺中市東勢區上城里,24.221311,120.842605
2016,3,卓蘭光電,41.9,3070,2.36,苗栗縣卓蘭鎮老庄里,24.31509,120.83057
2016,3,台中電廠生水池,2123.04,162774,2.47,台中市龍井區,24.212951,120.490587
2016,3,龍井光電,6485.94,540858,2.69,臺中市龍井區福田里,24.20905,120.49464
2016,3,后里光電,91.125,7477,2.65,臺中市后里區廣福里,24.296014,120.727262
2016,3,民雄光電,60,3241,1.74,嘉義縣民雄鄉文隆村,23.539493,120.425713
2016,3,永安鹽灘光電,4636.8,466168,3.24,高雄市永安區鹽田里,22.838301,120.206682
2016,3,興達電廠生水池,1627.65,152340,3.02,高雄市永安區興達路6號,22.85893,120.2006475
2016,3,路北光電,60.03,5917,3.18,高雄市路竹區後鄉里,22.83792,120.247142
2016,3,核三廠光電,1458.24,155039,3.43,屏東縣恆春鎮南灣里,21.95814,120.7518569
2016,3,澎湖光電,70.61,6013,2.75,澎湖縣湖西鄉尖山村,23.5636,119.659678
2016,3,七美光電I,154.56,10787,2.25,澎湖縣七美鄉南港村,23.205850,119.442097
2016,3,金門光電,528,42465,2.59,金門縣金沙鎮西園里,24.4993,118.40342
2016,4,大潭光電,651.42,54501,2.7,桃園市觀音區大潭里電廠路1號,25.03115,121.0529
2016,4,中大光電,40.25,2895,2.32,桃園市中壢區三民里,24.972137,121.200708
2016,4,中部儲運光電,91.8,7967,2.8,臺中市后里區后里里,24.323175,120.726434
2016,4,新伯公光電,115.8,9512,2.65,臺中市東勢區上城里,24.221311,120.842605
2016,4,卓蘭光電,41.9,3809,2.93,苗栗縣卓蘭鎮老庄里,24.31509,120.83057
2016,4,台中電廠生水池,2123.04,196821,2.99,台中市龍井區,24.212951,120.490587
2016,4,龍井光電,6485.94,638786,3.18,臺中市龍井區福田里,24.20905,120.49464
2016,4,后里光電,91.125,8866,3.14,臺中市后里區廣福里,24.296014,120.727262
2016,4,民雄光電,60,4249,2.28,嘉義縣民雄鄉文隆村,23.539493,120.425713
2016,4,永安鹽灘光電,4636.8,573206,3.99,高雄市永安區鹽田里,22.838301,120.206682
2016,4,興達電廠生水池,1627.65,205959,4.08,高雄市永安區興達路6號,22.85893,120.2006475
2016,4,路北光電,60.03,7396,3.97,高雄市路竹區後鄉里,22.83792,120.247142
2016,4,核三廠光電,1458.24,174955,3.87,屏東縣恆春鎮南灣里,21.95814,120.7518569
2016,4,澎湖光電,70.61,7553,3.45,澎湖縣湖西鄉尖山村,23.5636,119.659678
2016,4,七美光電I,154.56,13850,2.89,澎湖縣七美鄉南港村,23.205850,119.442097
2016,4,金門光電,528,41406,2.53,金門縣金沙鎮西園里,24.4993,118.40342
2016,5,大潭光電,651.42,72106,3.57,桃園市觀音區大潭里電廠路1號,25.03115,121.0529
2016,5,中大光電,40.25,3948,3.16,桃園市中壢區三民里,24.972137,121.200708
2016,5,中部儲運光電,91.8,10158,3.57,臺中市后里區后里里,24.323175,120.726434
2016,5,新伯公光電,115.8,10503,2.93,臺中市東勢區上城里,24.221311,120.842605
2016,5,卓蘭光電,41.9,4283,3.3,苗栗縣卓蘭鎮老庄里,24.31509,120.83057
2016,5,台中電廠生水池,2123.04,255847,3.89,台中市龍井區,24.212951,120.490587
2016,5,龍井光電,6485.94,809137,4.02,臺中市龍井區福田里,24.20905,120.49464
2016,5,后里光電,91.125,10419,3.69,臺中市后里區廣福里,24.296014,120.727262
2016,5,民雄光電,60,5209,2.8,嘉義縣民雄鄉文隆村,23.539493,120.425713
2016,5,永安鹽灘光電,4636.8,629290,4.38,高雄市永安區鹽田里,22.838301,120.206682
2016,5,興達電廠生水池,1627.65,224320,4.45,高雄市永安區興達路6號,22.85893,120.2006475
2016,5,路北光電,60.03,7996,4.3,高雄市路竹區後鄉里,22.83792,120.247142
2016,5,核三廠光電,1458.24,193842,4.29,屏東縣恆春鎮南灣里,21.95814,120.7518569
2016,5,澎湖光電,70.61,9012,4.12,澎湖縣湖西鄉尖山村,23.5636,119.659678
2016,5,七美光電I,154.56,15294,3.19,澎湖縣七美鄉南港村,23.205850,119.442097
2016,5,金門光電,528,54701,3.34,金門縣金沙鎮西園里,24.4993,118.40342
2016,6,大潭光電,651.42,82819,4.1,桃園市觀音區大潭里電廠路1號,25.03115,121.0529
2016,6,中大光電,40.25,4679,3.75,桃園市中壢區三民里,24.972137,121.200708
2016,6,中部儲運光電,91.8,10465,3.68,臺中市后里區后里里,24.323175,120.726434
2016,6,新伯公光電,115.8,11524,3.21,臺中市東勢區上城里,24.221311,120.842605
2016,6,卓蘭光電,41.9,4519,3.48,苗栗縣卓蘭鎮老庄里,24.31509,120.83057
2016,6,台中電廠生水池,2123.04,256324,3.89,台中市龍井區,24.212951,120.490587
2016,6,龍井光電,6485.94,820239,4.08,臺中市龍井區福田里,24.20905,120.49464
2016,6,后里光電,91.125,10174,3.6,臺中市后里區廣福里,24.296014,120.727262
2016,6,民雄光電,60,4989,2.68,嘉義縣民雄鄉文隆村,23.539493,120.425713
2016,6,永安鹽灘光電,4636.8,613456,4.27,高雄市永安區鹽田里,22.838301,120.206682
2016,6,興達電廠生水池,1627.65,206572,4.09,高雄市永安區興達路6號,22.85893,120.2006475
2016,6,路北光電,60.03,7174,3.86,高雄市路竹區後鄉里,22.83792,120.247142
2016,6,核三廠光電,1458.24,190836,4.22,屏東縣恆春鎮南灣里,21.95814,120.7518569
2016,6,澎湖光電,70.61,9000,4.11,澎湖縣湖西鄉尖山村,23.5636,119.659678
2016,6,七美光電I,154.56,15689,3.27,澎湖縣七美鄉南港村,23.205850,119.442097
2016,6,金門光電,528,53452,3.27,金門縣金沙鎮西園里,24.4993,118.40342
2016,7,大潭光電,651.42,101279,5.02,桃園市觀音區大潭里電廠路1號,25.03115,121.0529
2016,7,中大光電,40.25,5365,4.3,桃園市中壢區三民里,24.972137,121.200708
2016,7,中部儲運光電,91.8,12177,4.28,臺中市后里區后里里,24.323175,120.726434
2016,7,新伯公光電,115.8,13630,3.8,臺中市東勢區上城里,24.221311,120.842605
2016,7,卓蘭光電,41.9,5228,4.02,苗栗縣卓蘭鎮老庄里,24.31509,120.83057
2016,7,台中電廠生水池,2123.04,300183,4.56,台中市龍井區,24.212951,120.490587
2016,7,龍井光電,6485.94,957133,4.76,臺中市龍井區福田里,24.20905,120.49464
2016,7,后里光電,91.125,11696,4.14,臺中市后里區廣福里,24.296014,120.727262
2016,7,民雄光電,60,5502,2.96,嘉義縣民雄鄉文隆村,23.539493,120.425713
2016,7,永安鹽灘光電,4636.8,631460,4.39,高雄市永安區鹽田里,22.838301,120.206682
2016,7,興達電廠生水池,1627.65,221991,4.4,高雄市永安區興達路6號,22.85893,120.2006475
2016,7,路北光電,60.03,7850,4.22,高雄市路竹區後鄉里,22.83792,120.247142
2016,7,核三廠光電,1458.24,196822,4.35,屏東縣恆春鎮南灣里,21.95814,120.7518569
2016,7,澎湖光電,70.61,10049,4.59,澎湖縣湖西鄉尖山村,23.5636,119.659678
2016,7,七美光電I,154.56,16758,3.5,澎湖縣七美鄉南港村,23.205850,119.442097
2016,7,金門光電,528,58671,3.58,金門縣金沙鎮西園里,24.4993,118.40342
2016,8,大潭光電,651.42,91065,4.51,桃園市觀音區大潭里電廠路1號,25.03115,121.0529
2016,8,中大光電,40.25,4760,3.81,桃園市中壢區三民里,24.972137,121.200708
2016,8,中部儲運光電,91.8,10600,3.72,臺中市后里區后里里,24.323175,120.726434
2016,8,新伯公光電,115.8,10094,2.81,臺中市東勢區上城里,24.221311,120.842605
2016,8,卓蘭光電,41.9,4333,3.34,苗栗縣卓蘭鎮老庄里,24.31509,120.83057
2016,8,台中電廠生水池,2123.04,266741,4.05,台中市龍井區,24.212951,120.490587
2016,8,龍井光電,6485.94,839858,4.18,臺中市龍井區福田里,24.20905,120.49464
2016,8,后里光電,91.125,10536,3.73,臺中市后里區廣福里,24.296014,120.727262
2016,8,民雄光電,60,4727,2.54,嘉義縣民雄鄉文隆村,23.539493,120.425713
2016,8,永安鹽灘光電,4636.8,599392,4.17,高雄市永安區鹽田里,22.838301,120.206682
2016,8,興達電廠生水池,1627.65,211809,4.2,高雄市永安區興達路6號,22.85893,120.2006475
2016,8,路北光電,60.03,7480,4.02,高雄市路竹區後鄉里,22.83792,120.247142
2016,8,核三廠光電,1458.24,161103,3.56,屏東縣恆春鎮南灣里,21.95814,120.7518569
2016,8,澎湖光電,70.61,8745,4,澎湖縣湖西鄉尖山村,23.5636,119.659678
2016,8,七美光電I,154.56,14296,2.98,澎湖縣七美鄉南港村,23.205850,119.442097
2016,8,金門光電,528,56181,3.43,金門縣金沙鎮西園里,24.4993,118.40342
2016,9,大潭光電,651.42,67287,3.33,桃園市觀音區大潭里電廠路1號,25.03115,121.0529
2016,9,中大光電,40.25,3615,2.9,桃園市中壢區三民里,24.972137,121.200708
2016,9,中部儲運光電,91.8,8173,2.87,臺中市后里區后里里,24.323175,120.726434
2016,9,新伯公光電,115.8,8910,2.48,臺中市東勢區上城里,24.221311,120.842605
2016,9,卓蘭光電,41.9,3703,2.85,苗栗縣卓蘭鎮老庄里,24.31509,120.83057
2016,9,台中電廠生水池,2123.04,210910,3.2,台中市龍井區,24.212951,120.490587
2016,9,龍井光電,6485.94,667044,3.32,臺中市龍井區福田里,24.20905,120.49464
2016,9,后里光電,91.125,8717,3.09,臺中市后里區廣福里,24.296014,120.727262
2016,9,民雄光電,60,4072,2.19,嘉義縣民雄鄉文隆村,23.539493,120.425713
2016,9,永安鹽灘光電,4636.8,469712,3.27,高雄市永安區鹽田里,22.838301,120.206682
2016,9,興達電廠生水池,1627.65,169250,3.35,高雄市永安區興達路6號,22.85893,120.2006475
2016,9,路北光電,60.03,6471,3.48,高雄市路竹區後鄉里,22.83792,120.247142
2016,9,核三廠光電,1458.24,103077,2.28,屏東縣恆春鎮南灣里,21.95814,120.7518569
2016,9,澎湖光電,70.61,5986,2.73,澎湖縣湖西鄉尖山村,23.5636,119.659678
2016,9,七美光電I,154.56,7522,1.57,澎湖縣七美鄉南港村,23.205850,119.442097
2016,9,金門光電,528,23383,1.43,金門縣金沙鎮西園里,24.4993,118.40342
2016,10,大潭光電,651.42,69658,3.45,桃園市觀音區大潭里電廠路1號,25.03115,121.0529
2016,10,中大光電,40.25,3922,3.14,桃園市中壢區三民里,24.972137,121.200708
2016,10,中部儲運光電,91.8,9205,3.23,臺中市后里區后里里,24.323175,120.726434
2016,10,新伯公光電,115.8,9862,2.75,臺中市東勢區上城里,24.221311,120.842605
2016,10,卓蘭光電,41.9,4389,3.38,苗栗縣卓蘭鎮老庄里,24.31509,120.83057
2016,10,台中電廠生水池,2123.04,242667,3.69,台中市龍井區,24.212951,120.490587
2016,10,龍井光電,6485.94,716034,3.56,臺中市龍井區福田里,24.20905,120.49464
2016,10,后里光電,91.125,10530,3.73,臺中市后里區廣福里,24.296014,120.727262
2016,10,民雄光電,60,4143,2.23,嘉義縣民雄鄉文隆村,23.539493,120.425713
2016,10,永安鹽灘光電,4636.8,543268,3.78,高雄市永安區鹽田里,22.838301,120.206682
2016,10,興達電廠生水池,1627.65,183393,3.63,高雄市永安區興達路6號,22.85893,120.2006475
2016,10,路北光電,60.03,6764,3.63,高雄市路竹區後鄉里,22.83792,120.247142
2016,10,核三廠光電,1458.24,160871,3.56,屏東縣恆春鎮南灣里,21.95814,120.7518569
2016,10,澎湖光電,70.61,6062,2.77,澎湖縣湖西鄉尖山村,23.5636,119.659678
2016,10,七美光電I,154.56,10675,2.23,澎湖縣七美鄉南港村,23.205850,119.442097
2016,10,金門光電,528,43089,2.63,金門縣金沙鎮西園里,24.4993,118.40342
2016,11,大潭光電,651.42,54441,2.7,桃園市觀音區大潭里電廠路1號,25.03115,121.0529
2016,11,中大光電,40.25,3065,2.46,桃園市中壢區三民里,24.972137,121.200708
2016,11,中部儲運光電,91.8,6868,2.41,臺中市后里區后里里,24.323175,120.726434
2016,11,新伯公光電,115.8,7991,2.23,臺中市東勢區上城里,24.221311,120.842605
2016,11,卓蘭光電,41.9,3228,2.49,苗栗縣卓蘭鎮老庄里,24.31509,120.83057
2016,11,台中電廠生水池,2123.04,191704,2.91,台中市龍井區,24.212951,120.490587
2016,11,龍井光電,6485.94,586293,2.92,臺中市龍井區福田里,24.20905,120.49464
2016,11,后里光電,91.125,8384,2.97,臺中市后里區廣福里,24.296014,120.727262
2016,11,民雄光電,60,3184,1.71,嘉義縣民雄鄉文隆村,23.539493,120.425713
2016,11,永安鹽灘光電,4636.8,441420,3.07,高雄市永安區鹽田里,22.838301,120.206682
2016,11,興達電廠生水池,1627.65,160441,3.18,高雄市永安區興達路6號,22.85893,120.2006475
2016,11,路北光電,60.03,5762,3.1,高雄市路竹區後鄉里,22.83792,120.247142
2016,11,核三廠光電,1458.24,145829,3.23,屏東縣恆春鎮南灣里,21.95814,120.7518569
2016,11,澎湖光電,70.61,6273,2.87,澎湖縣湖西鄉尖山村,23.5636,119.659678
2016,11,七美光電I,154.56,10672,2.23,澎湖縣七美鄉南港村,23.205850,119.442097
2016,11,金門光電,528,28198,1.72,金門縣金沙鎮西園里,24.4993,118.40342
2016,12,大潭光電,651.42,50126,2.48,桃園市觀音區大潭里電廠路1號,25.03115,121.0529
2016,12,中大光電,40.25,3040,2.44,桃園市中壢區三民里,24.972137,121.200708
2016,12,中部儲運光電,91.8,7039,2.47,臺中市后里區后里里,24.323175,120.726434
2016,12,新伯公光電,115.8,8953,2.49,臺中市東勢區上城里,24.221311,120.842605
2016,12,卓蘭光電,41.9,3992,3.07,苗栗縣卓蘭鎮老庄里,24.31509,120.83057
2016,12,台中電廠生水池,2123.04,177942,2.7,台中市龍井區,24.212951,120.490587
2016,12,龍井光電,6485.94,593372,2.95,臺中市龍井區福田里,24.20905,120.49464
2016,12,后里光電,91.125,9047,3.2,臺中市后里區廣福里,24.296014,120.727262
2016,12,民雄光電,60,3466,1.86,嘉義縣民雄鄉文隆村,23.539493,120.425713
2016,12,永安鹽灘光電,4636.8,494428,3.44,高雄市永安區鹽田里,22.838301,120.206682
2016,12,興達電廠生水池,1627.65,166752,3.3,高雄市永安區興達路6號,22.85893,120.2006475
2016,12,路北光電,60.03,6133,3.3,高雄市路竹區後鄉里,22.83792,120.247142
2016,12,核三廠光電,1458.24,151676,3.36,屏東縣恆春鎮南灣里,21.95814,120.7518569
2016,12,澎湖光電,70.61,5594,2.56,澎湖縣湖西鄉尖山村,23.5636,119.659678
2016,12,七美光電I,154.56,10334,2.16,澎湖縣七美鄉南港村,23.205850,119.442097
2016,12,金門光電,528,45982,2.81,金門縣金沙鎮西園里,24.4993,118.40342
2017,1,大潭光電,651.42,44838,2.22,桃園市觀音區大潭里電廠路1號,25.03115,121.0529
2017,1,中大光電,40.25,2759,2.21,桃園市中壢區三民里,24.972137,121.200708
2017,1,中部儲運光電,91.8,7689,2.7,臺中市后里區后里里,24.323175,120.726434
2017,1,新伯公光電,115.8,9264,2.58,臺中市東勢區上城里,24.221311,120.842605
2017,1,卓蘭光電,41.9,4101,3.16,苗栗縣卓蘭鎮老庄里,24.31509,120.83057
2017,1,台中電廠生水池,2123.04,192042,2.92,台中市龍井區,24.212951,120.490587
2017,1,龍井光電,6485.94,657732,3.27,臺中市龍井區福田里,24.20905,120.49464
2017,1,后里光電,91.125,10046,3.56,臺中市后里區廣福里,24.296014,120.727262
2017,1,民雄光電,60,3615,1.94,嘉義縣民雄鄉文隆村,23.539493,120.425713
2017,1,永安鹽灘光電,4636.8,545572,3.8,高雄市永安區鹽田里,22.838301,120.206682
2017,1,興達電廠生水池,1627.65,187707,3.72,高雄市永安區興達路6號,22.85893,120.2006475
2017,1,路北光電,60.03,6910,3.71,高雄市路竹區後鄉里,22.83792,120.247142
2017,1,核三廠光電,1458.24,177869,3.93,屏東縣恆春鎮南灣里,21.95814,120.7518569
2017,1,澎湖光電,70.61,5708,2.61,澎湖縣湖西鄉尖山村,23.5636,119.659678
2017,1,七美光電I,154.56,10071,2.1,澎湖縣七美鄉南港村,23.205850,119.442097
2017,1,金門光電,528,46570,2.85,金門縣金沙鎮西園里,24.4993,118.40342
2017,2,大潭光電,651.42,46619,2.31,桃園市觀音區大潭里電廠路1號,25.03115,121.0529
2017,2,中大光電,40.25,2809,2.25,桃園市中壢區三民里,24.972137,121.200708
2017,2,中部儲運光電,91.8,6775,2.38,臺中市后里區后里里,24.323175,120.726434
2017,2,新伯公光電,115.8,7564,2.11,臺中市東勢區上城里,24.221311,120.842605
2017,2,卓蘭光電,41.9,3311,2.55,苗栗縣卓蘭鎮老庄里,24.31509,120.83057
2017,2,台中電廠生水池,2123.04,157433,2.39,台中市龍井區,24.212951,120.490587
2017,2,龍井光電,6485.94,586088,2.91,臺中市龍井區福田里,24.20905,120.49464
2017,2,后里光電,91.125,8505,3.01,臺中市后里區廣福里,24.296014,120.727262
2017,2,民雄光電,60,2979,1.6,嘉義縣民雄鄉文隆村,23.539493,120.425713
2017,2,永安鹽灘光電,4636.8,476020,3.31,高雄市永安區鹽田里,22.838301,120.206682
2017,2,興達電廠生水池,1627.65,159059,3.15,高雄市永安區興達路6號,22.85893,120.2006475
2017,2,路北光電,60.03,6013,3.23,高雄市路竹區後鄉里,22.83792,120.247142
2017,2,核三廠光電,1458.24,150151,3.32,屏東縣恆春鎮南灣里,21.95814,120.7518569
2017,2,澎湖光電,70.61,5696,2.6,澎湖縣湖西鄉尖山村,23.5636,119.659678
2017,2,七美光電I,154.56,8450,1.76,澎湖縣七美鄉南港村,23.205850,119.442097
2017,2,金門光電,528,53571,3.27,金門縣金沙鎮西園里,24.4993,118.40342
2017,3,大潭光電,651.42,48198,2.39,桃園市觀音區大潭里電廠路1號,25.03115,121.0529
2017,3,中大光電,40.25,2605,2.09,桃園市中壢區三民里,24.972137,121.200708
2017,3,中部儲運光電,91.8,7732,2.72,臺中市后里區后里里,24.323175,120.726434
2017,3,新伯公光電,115.8,9176,2.56,臺中市東勢區上城里,24.221311,120.842605
2017,3,卓蘭光電,41.9,3671,2.83,苗栗縣卓蘭鎮老庄里,24.31509,120.83057
2017,3,台中電廠生水池,2123.04,208745,3.17,台中市龍井區,24.212951,120.490587
2017,3,龍井光電,6485.94,697643,3.47,臺中市龍井區福田里,24.20905,120.49464
2017,3,后里光電,91.125,9158,3.24,臺中市后里區廣福里,24.296014,120.727262
2017,3,民雄光電,60,3914,2.1,嘉義縣民雄鄉文隆村,23.539493,120.425713
2017,3,永安鹽灘光電,4636.8,588272,4.09,高雄市永安區鹽田里,22.838301,120.206682
2017,3,興達電廠生水池,1627.65,205762,4.08,高雄市永安區興達路6號,22.85893,120.2006475
2017,3,路北光電,60.03,7260,3.9,高雄市路竹區後鄉里,22.83792,120.247142
2017,3,核三廠光電,1458.24,181984,4.03,屏東縣恆春鎮南灣里,21.95814,120.7518569
2017,3,澎湖光電,70.61,6816,3.11,澎湖縣湖西鄉尖山村,23.5636,119.659678
2017,3,七美光電I,154.56,11096,2.32,澎湖縣七美鄉南港村,23.205850,119.442097
2017,3,金門光電,528,44781,2.74,金門縣金沙鎮西園里,24.4993,118.40342
2017,4,大潭光電,651.42,66604,3.3,桃園市觀音區大潭里電廠路1號,25.03115,121.0529
2017,4,中大光電,40.25,3861,3.09,桃園市中壢區三民里,24.972137,121.200708
2017,4,中部儲運光電,91.8,8373,2.94,臺中市后里區后里里,24.323175,120.726434
2017,4,新伯公光電,115.8,9799,2.73,臺中市東勢區上城里,24.221311,120.842605
2017,4,卓蘭光電,41.9,3909,3.01,苗栗縣卓蘭鎮老庄里,24.31509,120.83057
2017,4,台中電廠生水池,2123.04,213216,3.24,台中市龍井區,24.212951,120.490587
2017,4,龍井光電,6485.94,730315,3.63,臺中市龍井區福田里,24.20905,120.49464
2017,4,后里光電,91.125,9685,3.43,臺中市后里區廣福里,24.296014,120.727262
2017,4,民雄光電,60,4106,2.21,嘉義縣民雄鄉文隆村,23.539493,120.425713
2017,4,永安鹽灘光電,4636.8,593164,4.13,高雄市永安區鹽田里,22.838301,120.206682
2017,4,興達電廠生水池,1627.65,195544,3.88,高雄市永安區興達路6號,22.85893,120.2006475
2017,4,路北光電,60.03,7236,3.89,高雄市路竹區後鄉里,22.83792,120.247142
2017,4,核三廠光電,1458.24,186425,4.12,屏東縣恆春鎮南灣里,21.95814,120.7518569
2017,4,澎湖光電,70.61,8555,3.91,澎湖縣湖西鄉尖山村,23.5636,119.659678
2017,4,七美光電I,154.56,13308,2.78,澎湖縣七美鄉南港村,23.205850,119.442097
2017,4,金門光電,528,55974,3.42,金門縣金沙鎮西園里,24.4993,118.40342
2017,5,大潭光電,651.42,72308,3.58,桃園市觀音區大潭里電廠路1號,25.03115,121.0529
2017,5,中大光電,40.25,3889,3.12,桃園市中壢區三民里,24.972137,121.200708
2017,5,中部儲運光電,91.8,9426,3.31,臺中市后里區后里里,24.323175,120.726434
2017,5,新伯公光電,115.8,10490,2.92,臺中市東勢區上城里,24.221311,120.842605
2017,5,卓蘭光電,41.9,4136,3.18,苗栗縣卓蘭鎮老庄里,24.31509,120.83057
2017,5,台中電廠生水池,2123.04,238684,3.63,台中市龍井區,24.212951,120.490587
2017,5,龍井光電,6485.94,779690,3.88,臺中市龍井區福田里,24.20905,120.49464
2017,5,后里光電,91.125,10159,3.6,臺中市后里區廣福里,24.296014,120.727262
2017,5,民雄光電,60,4094,2.2,嘉義縣民雄鄉文隆村,23.539493,120.425713
2017,5,永安鹽灘光電,4636.8,609836,4.24,高雄市永安區鹽田里,22.838301,120.206682
2017,5,興達電廠生水池,1627.65,213508,4.23,高雄市永安區興達路6號,22.85893,120.2006475
2017,5,路北光電,60.03,7353,3.95,高雄市路竹區後鄉里,22.83792,120.247142
2017,5,核三廠光電,1458.24,183722,4.06,屏東縣恆春鎮南灣里,21.95814,120.7518569
2017,5,澎湖光電,70.61,8416,3.84,澎湖縣湖西鄉尖山村,23.5636,119.659678
2017,5,七美光電I,154.56,14191,2.96,澎湖縣七美鄉南港村,23.205850,119.442097
2017,5,金門光電,528,60898,3.72,金門縣金沙鎮西園里,24.4993,118.40342
2017,6,大潭光電,651.42,68465,3.39,桃園市觀音區大潭里電廠路1號,25.03115,121.0529
2017,6,中大光電,40.25,3800,3.05,桃園市中壢區三民里,24.972137,121.200708
2017,6,中部儲運光電,91.8,8499,2.99,臺中市后里區后里里,24.323175,120.726434
2017,6,新伯公光電,115.8,9120,2.54,臺中市東勢區上城里,24.221311,120.842605
2017,6,卓蘭光電,41.9,3670,2.83,苗栗縣卓蘭鎮老庄里,24.31509,120.83057
2017,6,台中電廠生水池,2123.04,227298,3.45,台中市龍井區,24.212951,120.490587
2017,6,龍井光電,6485.94,672995,3.35,臺中市龍井區福田里,24.20905,120.49464
2017,6,后里光電,91.125,8638,3.06,臺中市后里區廣福里,24.296014,120.727262
2017,6,民雄光電,60,3750,2.02,嘉義縣民雄鄉文隆村,23.539493,120.425713
2017,6,永安鹽灘光電,4636.8,557144,3.88,高雄市永安區鹽田里,22.838301,120.206682
2017,6,興達電廠生水池,1627.65,194201,3.85,高雄市永安區興達路6號,22.85893,120.2006475
2017,6,路北光電,60.03,7005,3.76,高雄市路竹區後鄉里,22.83792,120.247142
2017,6,核三廠光電,1458.24,175074,3.87,屏東縣恆春鎮南灣里,21.95814,120.7518569
2017,6,澎湖光電,70.61,8099,3.7,澎湖縣湖西鄉尖山村,23.5636,119.659678
2017,6,七美光電I,154.56,13108,2.74,澎湖縣七美鄉南港村,23.205850,119.442097
2017,6,金門光電,528,48600,2.97,金門縣金沙鎮西園里,24.4993,118.40342
2017,7,大潭光電,651.42,94842,4.7,桃園市觀音區大潭里電廠路1號,25.03115,121.0529
2017,7,中大光電,40.25,5016,4.02,桃園市中壢區三民里,24.972137,121.200708
2017,7,中部儲運光電,91.8,11335,3.98,臺中市后里區后里里,24.323175,120.726434
2017,7,新伯公光電,115.8,10907,3.04,臺中市東勢區上城里,24.221311,120.842605
2017,7,卓蘭光電,41.9,4249,3.27,苗栗縣卓蘭鎮老庄里,24.31509,120.83057
2017,7,台中電廠生水池,2123.04,267838,4.07,台中市龍井區,24.212951,120.490587
2017,7,龍井光電,6485.94,835403,4.15,臺中市龍井區福田里,24.20905,120.49464
2017,7,后里光電,91.125,10368,3.67,臺中市后里區廣福里,24.296014,120.727262
2017,7,民雄光電,60,4157,2.23,嘉義縣民雄鄉文隆村,23.539493,120.425713
2017,7,永安鹽灘光電,4636.8,634132,4.41,高雄市永安區鹽田里,22.838301,120.206682
2017,7,興達電廠生水池,1627.65,177733,3.52,高雄市永安區興達路6號,22.85893,120.2006475
2017,7,路北光電,60.03,7088,3.81,高雄市路竹區後鄉里,22.83792,120.247142
2017,7,核三廠光電,1458.24,171311,3.79,屏東縣恆春鎮南灣里,21.95814,120.7518569
2017,7,澎湖光電,70.61,9815,4.48,澎湖縣湖西鄉尖山村,23.5636,119.659678
2017,7,七美光電I,154.56,15344,3.2,澎湖縣七美鄉南港村,23.205850,119.442097
2017,7,金門光電,528,68305,4.17,金門縣金沙鎮西園里,24.4993,118.40342
2017,8,大潭光電,651.42,90878,4.5,桃園市觀音區大潭里電廠路1號,25.03115,121.0529
2017,8,中大光電,40.25,5550,4.45,桃園市中壢區三民里,24.972137,121.200708
2017,8,中部儲運光電,91.8,10538,3.7,臺中市后里區后里里,24.323175,120.726434
2017,8,新伯公光電,115.8,11409,3.18,臺中市東勢區上城里,24.221311,120.842605
2017,8,卓蘭光電,41.9,4620,3.56,苗栗縣卓蘭鎮老庄里,24.31509,120.83057
2017,8,台中電廠生水池,2123.04,279324,4.24,台中市龍井區,24.212951,120.490587
2017,8,龍井光電,6485.94,904531,4.5,臺中市龍井區福田里,24.20905,120.49464
2017,8,后里光電,91.125,10375,3.67,臺中市后里區廣福里,24.296014,120.727262
2017,8,民雄光電,60,4446,2.39,嘉義縣民雄鄉文隆村,23.539493,120.425713
2017,8,永安鹽灘光電,4636.8,637092,4.43,高雄市永安區鹽田里,22.838301,120.206682
2017,8,興達電廠生水池,1627.65,189824,3.76,高雄市永安區興達路6號,22.85893,120.2006475
2017,8,路北光電,60.03,7276,3.91,高雄市路竹區後鄉里,22.83792,120.247142
2017,8,核三廠光電,1458.24,174720,3.87,屏東縣恆春鎮南灣里,21.95814,120.7518569
2017,8,澎湖光電,70.61,8954,4.09,澎湖縣湖西鄉尖山村,23.5636,119.659678
2017,8,七美光電I,154.56,16018,3.34,澎湖縣七美鄉南港村,23.205850,119.442097
2017,8,金門光電,528,66169,4.04,金門縣金沙鎮西園里,24.4993,118.40342
2017,9,大潭光電,651.42,72913,3.73,桃園市觀音區大潭里電廠路1號,25.03115,121.0529
2017,9,中大光電,40.25,4501,3.73,桃園市中壢區三民里,24.972137,121.200708
2017,9,中部儲運光電,91.8,9375,3.4,臺中市后里區后里里,24.323175,120.726434
2017,9,新伯公光電,115.8,9582,2.76,臺中市東勢區上城里,24.221311,120.842605
2017,9,卓蘭光電,41.9,4497,3.58,苗栗縣卓蘭鎮老庄里,24.31509,120.83057
2017,9,台中電廠生水池,2123.04,268235,4.21,台中市龍井區,24.212951,120.490587
2017,9,龍井光電,6485.94,838332,4.31,臺中市龍井區福田里,24.20905,120.49464
2017,9,后里光電,91.125,10356,3.79,臺中市后里區廣福里,24.296014,120.727262
2017,9,民雄光電,60,4369,2.43,嘉義縣民雄鄉文隆村,23.539493,120.425713
2017,9,永安鹽灘光電,4636.8,611408,4.4,高雄市永安區鹽田里,22.838301,120.206682
2017,9,興達電廠生水池,1627.65,207919,4.26,高雄市永安區興達路6號,22.85893,120.2006475
2017,9,路北光電,60.03,7643,4.24,高雄市路竹區後鄉里,22.83792,120.247142
2017,9,核三廠光電,1458.24,190599,4.36,屏東縣恆春鎮南灣里,21.95814,120.7518569
2017,9,澎湖光電,70.61,8244,3.89,澎湖縣湖西鄉尖山村,23.5636,119.659678
2017,9,七美光電I,154.56,15048,3.25,澎湖縣七美鄉南港村,23.205850,119.442097
2017,9,金門光電,528,55378,3.5,金門縣金沙鎮西園里,24.4993,118.40342
2017,10,大潭光電,651.42,60156,3.08,桃園市觀音區大潭里電廠路1號,25.03115,121.0529
2017,10,中大光電,40.25,3488,2.89,桃園市中壢區三民里,24.972137,121.200708
2017,10,中部儲運光電,91.8,9075,3.3,臺中市后里區后里里,24.323175,120.726434
2017,10,新伯公光電,115.8,9048,2.6,臺中市東勢區上城里,24.221311,120.842605
2017,10,卓蘭光電,41.9,4590,3.65,苗栗縣卓蘭鎮老庄里,24.31509,120.83057
2017,10,台中電廠生水池,2123.04,226283,3.55,台中市龍井區,24.212951,120.490587
2017,10,龍井光電,6485.94,673768,3.46,臺中市龍井區福田里,24.20905,120.49464
2017,10,后里光電,91.125,10607,3.88,臺中市后里區廣福里,24.296014,120.727262
2017,10,民雄光電,60,3740,2.08,嘉義縣民雄鄉文隆村,23.539493,120.425713
2017,10,永安鹽灘光電,4636.8,568081,4.08,高雄市永安區鹽田里,22.838301,120.206682
2017,10,興達電廠生水池,1627.65,198105,4.06,高雄市永安區興達路6號,22.85893,120.2006475
2017,10,路北光電,60.03,7159,3.98,高雄市路竹區後鄉里,22.83792,120.247142
2017,10,核三廠光電,1458.24,148577,3.4,屏東縣恆春鎮南灣里,21.95814,120.7518569
2017,10,澎湖光電,70.61,6254,2.95,澎湖縣湖西鄉尖山村,23.5636,119.659678
2017,10,七美光電I,154.56,12202,2.63,澎湖縣七美鄉南港村,23.205850,119.442097
2017,10,金門光電,528,59572,3.76,金門縣金沙鎮西園里,24.4993,118.40342
2017,11,大潭光電,651.42,33793,1.73,桃園市觀音區大潭里電廠路1號,25.03115,121.0529
2017,11,中大光電,40.25,2147,1.78,桃園市中壢區三民里,24.972137,121.200708
2017,11,中部儲運光電,91.8,6593,2.39,臺中市后里區后里里,24.323175,120.726434
2017,11,新伯公光電,115.8,7117,2.05,臺中市東勢區上城里,24.221311,120.842605
2017,11,卓蘭光電,41.9,3548,2.82,苗栗縣卓蘭鎮老庄里,24.31509,120.83057
2017,11,台中電廠生水池,2123.04,170428,2.68,台中市龍井區,24.212951,120.490587
2017,11,龍井光電,6485.94,506585,2.6,臺中市龍井區福田里,24.20905,120.49464
2017,11,后里光電,91.125,7860,2.88,臺中市后里區廣福里,24.296014,120.727262
2017,11,民雄光電,60,2470,1.37,嘉義縣民雄鄉文隆村,23.539493,120.425713
2017,11,永安鹽灘光電,4636.8,467836,3.36,高雄市永安區鹽田里,22.838301,120.206682
2017,11,興達電廠生水池,1627.65,152524,3.12,高雄市永安區興達路6號,22.85893,120.2006475
2017,11,路北光電,60.03,5810,3.23,高雄市路竹區後鄉里,22.83792,120.247142
2017,11,核三廠光電,1458.24,132599,3.03,屏東縣恆春鎮南灣里,21.95814,120.7518569
2017,11,澎湖光電,70.61,4361,2.06,澎湖縣湖西鄉尖山村,23.5636,119.659678
2017,11,七美光電I,154.56,6578,1.42,澎湖縣七美鄉南港村,23.205850,119.442097
2017,11,金門光電,528,32073,2.02,金門縣金沙鎮西園里,24.4993,118.40342
2017,12,大潭光電,651.42,40855,2.02,桃園市觀音區大潭里電廠路1號,25.03115,121.0529
2017,12,中大光電,40.25,2466,1.98,桃園市中壢區三民里,24.972137,121.200708
2017,12,中部儲運光電,91.8,6104,2.14,臺中市后里區后里里,24.323175,120.726434
2017,12,新伯公光電,115.8,6480,1.81,臺中市東勢區上城里,24.221311,120.842605
2017,12,卓蘭光電,41.9,3369,2.59,苗栗縣卓蘭鎮老庄里,24.31509,120.83057
2017,12,台中電廠生水池,2123.04,168442,2.56,台中市龍井區,24.212951,120.490587
2017,12,龍井光電,6485.94,545519,2.71,臺中市龍井區福田里,24.20905,120.49464
2017,12,后里光電,91.125,8029,2.84,臺中市后里區廣福里,24.296014,120.727262
2017,12,民雄光電,60,2175,1.17,嘉義縣民雄鄉文隆村,23.539493,120.425713
2017,12,永安鹽灘光電,4636.8,434732,3.02,高雄市永安區鹽田里,22.838301,120.206682
2017,12,興達電廠生水池,1627.65,141199,2.8,高雄市永安區興達路6號,22.85893,120.2006475
2017,12,路北光電,60.03,5629,3.02,高雄市路竹區後鄉里,22.83792,120.247142
2017,12,核三廠光電,1458.24,134371,2.97,屏東縣恆春鎮南灣里,21.95814,120.7518569
2017,12,澎湖光電,70.61,4868,2.22,澎湖縣湖西鄉尖山村,23.5636,119.659678
2017,12,七美光電I,154.56,9256,1.93,澎湖縣七美鄉南港村,23.205850,119.442097
2017,12,金門光電,528,41203,2.52,金門縣金沙鎮西園里,24.4993,118.40342
2018,1,大潭光電,651.42,48440,2.4,桃園市觀音區大潭里電廠路1號,25.03115,121.0529
2018,1,中大光電,40.25,2766,2.22,桃園市中壢區三民里,24.972137,121.200708
2018,1,中部儲運光電,91.8,6462,2.27,臺中市后里區后里里,24.323175,120.726434
2018,1,新伯公光電,115.8,5858,1.63,臺中市東勢區上城里,24.221311,120.842605
2018,1,卓蘭光電,41.9,3185,2.45,苗栗縣卓蘭鎮老庄里,24.31509,120.83057
2018,1,台中電廠生水池,2123.04,164365,2.5,台中市龍井區,24.212951,120.490587
2018,1,龍井光電,6485.94,501612,2.49,臺中市龍井區福田里,24.20905,120.49464
2018,1,后里光電,91.125,7835,2.77,臺中市后里區廣福里,24.296014,120.727262
2018,1,民雄光電,60,2019,1.09,嘉義縣民雄鄉文隆村,23.539493,120.425713
2018,1,永安鹽灘光電,4636.8,451264,3.14,高雄市永安區鹽田里,22.838301,120.206682
2018,1,興達電廠生水池,1627.65,148842,2.95,高雄市永安區興達路6號,22.85893,120.2006475
2018,1,路北光電,60.03,5328,2.86,高雄市路竹區後鄉里,22.83792,120.247142
2018,1,核三廠光電,1458.24,156170,3.45,屏東縣恆春鎮南灣里,21.95814,120.7518569
2018,1,澎湖光電,70.61,5169,2.36,澎湖縣湖西鄉尖山村,23.5636,119.659678
2018,1,七美光電I,154.56,8456,1.76,澎湖縣七美鄉南港村,23.205850,119.442097
2018,1,金門光電,528,35753,2.18,金門縣金沙鎮西園里,24.4993,118.40342
2018,2,大潭光電,651.42,36597,2.01,桃園市觀音區大潭里電廠路1號,25.03115,121.0529
2018,2,中大光電,40.25,1973,1.75,桃園市中壢區三民里,24.972137,121.200708
2018,2,中部儲運光電,91.8,5634,2.19,臺中市后里區后里里,24.323175,120.726434
2018,2,新伯公光電,115.8,5479,1.69,臺中市東勢區上城里,24.221311,120.842605
2018,2,卓蘭光電,41.9,2957,2.52,苗栗縣卓蘭鎮老庄里,24.31509,120.83057
2018,2,台中電廠生水池,2123.04,161899,2.72,台中市龍井區,24.212951,120.490587
2018,2,龍井光電,6485.94,418656,2.31,臺中市龍井區福田里,24.20905,120.49464
2018,2,后里光電,91.125,7118,2.79,臺中市后里區廣福里,24.296014,120.727262
2018,2,民雄光電,60,1952,1.16,嘉義縣民雄鄉文隆村,23.539493,120.425713
2018,2,永安鹽灘光電,4636.8,435380,3.35,高雄市永安區鹽田里,22.838301,120.206682
2018,2,興達電廠生水池,1627.65,140172,3.08,高雄市永安區興達路6號,22.85893,120.2006475
2018,2,路北光電,60.03,4515,2.69,高雄市路竹區後鄉里,22.83792,120.247142
2018,2,核三廠光電,1458.24,140381,3.44,屏東縣恆春鎮南灣里,21.95814,120.7518569
2018,2,澎湖光電,70.61,4838,2.45,澎湖縣湖西鄉尖山村,23.5636,119.659678
2018,2,七美光電I,154.56,6301,1.46,澎湖縣七美鄉南港村,23.205850,119.442097
2018,2,金門光電,528,36579,2.47,金門縣金沙鎮西園里,24.4993,118.40342
2018,3,大潭光電,651.42,73986,3.663757885,桃園市觀音區大潭里電廠路1號,25.03115,121.0529
2018,3,中大光電,40.25,4342,3.479863755,桃園市中壢區三民里,24.972137,121.200708
2018,3,中部儲運光電,91.8,9842,3.458429967,臺中市后里區后里里,24.323175,120.726434
2018,3,新伯公光電,115.8,8700,2.423533344,臺中市東勢區上城里,24.221311,120.842605
2018,3,卓蘭光電,41.9,4351,3.349757487,苗栗縣卓蘭鎮老庄里,24.31509,120.83057
2018,3,台中電廠生水池,2123.04,271357,4.123074277,台中市龍井區,24.212951,120.490587
2018,3,龍井光電,6485.94,776348,3.861195736,臺中市龍井區福田里,24.20905,120.49464
2018,3,后里光電,91.125,11771,4.16691004,臺中市后里區廣福里,24.296014,120.727262
2018,3,民雄光電,60,3570,1.919354839,嘉義縣民雄鄉文隆村,23.539493,120.425713
2018,3,永安鹽灘光電,4636.8,627823,4.367743883,高雄市永安區鹽田里,22.838301,120.206682
2018,3,興達電廠生水池,1627.65,247753,4.910166349,高雄市永安區興達路6號,22.85893,120.2006475
2018,3,路北光電,60.03,7313,3.929755552,高雄市路竹區後鄉里,22.83792,120.247142
2018,3,核三廠光電,1458.24,197819,4.37599988,屏東縣恆春鎮南灣里,21.95814,120.7518569
2018,3,澎湖光電,70.61,9321,4.258283803,澎湖縣湖西鄉尖山村,23.5636,119.659678
2018,3,七美光電I,154.56,13666,2.852217325,澎湖縣七美鄉南港村,23.205850,119.442097
2018,3,金門光電,528,53764,3.284701857,金門縣金沙鎮西園里,24.4993,118.40342
2018,4,大潭光電,651.42,74427,3.808449234,桃園市觀音區大潭里電廠路1號,25.03115,121.0529
2018,4,中大光電,40.25,3845,3.18426501,桃園市中壢區三民里,24.972137,121.200708
2018,4,中部儲運光電,91.8,8580,3.11546841,臺中市后里區后里里,24.323175,120.726434
2018,4,新伯公光電,115.8,9338,2.687967761,臺中市東勢區上城里,24.221311,120.842605
2018,4,卓蘭光電,41.9,3903,3.105011933,苗栗縣卓蘭鎮老庄里,24.31509,120.83057
2018,4,台中電廠生水池,2123.04,243325,3.82038649,台中市龍井區,24.212951,120.490587
2018,4,龍井光電,6485.94,779078,4.003932609,臺中市龍井區福田里,24.20905,120.49464
2018,4,后里光電,91.125,9967,3.645907636,臺中市后里區廣福里,24.296014,120.727262
2018,4,民雄光電,60,3566,1.981111111,嘉義縣民雄鄉文隆村,23.539493,120.425713
2018,4,永安鹽灘光電,4636.8,580110,4.170332988,高雄市永安區鹽田里,22.838301,120.206682
2018,4,興達電廠生水池,1627.65,214125,4.385156514,高雄市永安區興達路6號,22.85893,120.2006475
2018,4,路北光電,60.03,7426,4.123493809,高雄市路竹區後鄉里,22.83792,120.247142
2018,4,核三廠光電,1458.24,183524,4.195102772,屏東縣恆春鎮南灣里,21.95814,120.7518569
2018,4,澎湖光電,70.61,9085,4.288816504,澎湖縣湖西鄉尖山村,23.5636,119.659678
2018,4,七美光電I,154.56,16028,3.456694272,澎湖縣七美鄉南港村,23.205850,119.442097
2018,4,金門光電,528,50419,3.183017677,金門縣金沙鎮西園里,24.4993,118.40342
2018,5,大潭光電,651.42,92446,4.57788989,桃園市觀音區大潭里電廠路1號,25.03115,121.0529
2018,5,中大光電,40.25,5000,4.007212983,桃園市中壢區三民里,24.972137,121.200708
2018,5,中部儲運光電,91.8,10722,3.767657601,臺中市后里區后里里,24.323175,120.726434
2018,5,新伯公光電,115.8,12296,3.42526046,臺中市東勢區上城里,24.221311,120.842605
2018,5,卓蘭光電,41.9,4850,3.733928709,苗栗縣卓蘭鎮老庄里,24.31509,120.83057
2018,5,台中電廠生水池,2123.04,279204,4.242303793,台中市龍井區,24.212951,120.490587
2018,5,龍井光電,6485.94,905260,4.502344376,臺中市龍井區福田里,24.20905,120.49464
2018,5,后里光電,91.125,11366,4.023540865,臺中市后里區廣福里,24.296014,120.727262
2018,5,民雄光電,60,4278,2.3,嘉義縣民雄鄉文隆村,23.539493,120.425713
2018,5,永安鹽灘光電,4636.8,694750,4.833352813,高雄市永安區鹽田里,22.838301,120.206682
2018,5,興達電廠生水池,1627.65,244157,4.838897956,高雄市永安區興達路6號,22.85893,120.2006475
2018,5,路北光電,60.03,8369,4.497213759,高雄市路竹區後鄉里,22.83792,120.247142
2018,5,核三廠光電,1458.24,205451,4.544829118,屏東縣恆春鎮南灣里,21.95814,120.7518569
2018,5,澎湖光電,70.61,11068,5.056397933,澎湖縣湖西鄉尖山村,23.5636,119.659678
2018,5,七美光電I,154.56,18686,3.899936552,澎湖縣七美鄉南港村,23.205850,119.442097
2018,5,金門光電,528,64369,3.932612414,金門縣金沙鎮西園里,24.4993,118.40342
2018,6,大潭光電,651.42,72790,3.724683512,桃園市觀音區大潭里電廠路1號,25.03115,121.0529
2018,6,中大光電,40.25,3890,3.221532091,桃園市中壢區三民里,24.972137,121.200708
2018,6,中部儲運光電,91.8,9574,3.476397967,臺中市后里區后里里,24.323175,120.726434
2018,6,新伯公光電,115.8,9831,2.829879102,臺中市東勢區上城里,24.221311,120.842605
2018,6,卓蘭光電,41.9,3945,3.138424821,苗栗縣卓蘭鎮老庄里,24.31509,120.83057
2018,6,台中電廠生水池,2123.04,232827,3.655559952,台中市龍井區,24.212951,120.490587
2018,6,龍井光電,6485.94,775629,3.986207088,臺中市龍井區福田里,24.20905,120.49464
2018,6,后里光電,91.125,9947,3.638591678,臺中市后里區廣福里,24.296014,120.727262
2018,6,民雄光電,60,3018,1.676666667,嘉義縣民雄鄉文隆村,23.539493,120.425713
2018,6,永安鹽灘光電,4636.8,521106,3.746161146,高雄市永安區鹽田里,22.838301,120.206682
2018,6,興達電廠生水池,1627.65,186668,3.822852988,高雄市永安區興達路6號,22.85893,120.2006475
2018,6,路北光電,60.03,6117,3.396635016,高雄市路竹區後鄉里,22.83792,120.247142
2018,6,核三廠光電,1458.24,158053,3.612871224,屏東縣恆春鎮南灣里,21.95814,120.7518569
2018,6,澎湖光電,70.61,8002,3.777557475,澎湖縣湖西鄉尖山村,23.5636,119.659678
2018,6,七美光電I,154.56,13802,2.976621808,澎湖縣七美鄉南港村,23.205850,119.442097
2018,6,金門光電,528,48048,3.033333333,金門縣金沙鎮西園里,24.4993,118.40342
2018,7,大潭光電,651.42,84461,4.182475802,桃園市觀音區大潭里電廠路1號,25.03115,121.0529
2018,7,中大光電,40.25,3839,3.076738129,桃園市中壢區三民里,24.972137,121.200708
2018,7,中部儲運光電,91.8,9937,3.491812496,臺中市后里區后里里,24.323175,120.726434
2018,7,新伯公光電,115.8,9078,2.52883169,臺中市東勢區上城里,24.221311,120.842605
2018,7,卓蘭光電,41.9,3540,2.725383016,苗栗縣卓蘭鎮老庄里,24.31509,120.83057
2018,7,台中電廠生水池,2123.04,261553,3.974109554,台中市龍井區,24.212951,120.490587
2018,7,龍井光電,6485.94,717856,3.570283592,臺中市龍井區福田里,24.20905,120.49464
2018,7,后里光電,91.125,9884,3.498915881,臺中市后里區廣福里,24.296014,120.727262
2018,7,民雄光電,60,3314,1.78172043,嘉義縣民雄鄉文隆村,23.539493,120.425713
2018,7,永安鹽灘光電,4636.8,602098,4.188775908,高雄市永安區鹽田里,22.838301,120.206682
2018,7,興達電廠生水池,1627.65,184682,3.66017502,高雄市永安區興達路6號,22.85893,120.2006475
2018,7,路北光電,60.03,6687,3.593364608,高雄市路竹區後鄉里,22.83792,120.247142
2018,7,核三廠光電,1458.24,165510,3.661285013,屏東縣恆春鎮南灣里,21.95814,120.7518569
2018,7,澎湖光電,70.61,8678,3.964530291,澎湖縣湖西鄉尖山村,23.5636,119.659678
2018,7,七美光電I,154.56,15337,3.200970079,澎湖縣七美鄉南港村,23.205850,119.442097
2018,7,金門光電,528,55925,3.416727761,金門縣金沙鎮西園里,24.4993,118.40342
2018,8,大潭光電,651.42,75631,3.75,桃園市觀音區大潭里電廠路1號,25.03115,121.0529
2018,8,中大光電,40.25,4084,3.27,桃園市中壢區三民里,24.972137,121.200708
2018,8,中部儲運光電,91.8,8801,3.09,臺中市后里區后里里,24.323175,120.726434
2018,8,新伯公光電,115.8,8801,2.45,臺中市東勢區上城里,24.221311,120.842605
2018,8,卓蘭光電,41.9,3576,2.75,苗栗縣卓蘭鎮老庄里,24.31509,120.83057
2018,8,台中電廠生水池,2123.04,225280,3.42,台中市龍井區,24.212951,120.490587
2018,8,龍井光電,6485.94,624547,3.11,臺中市龍井區福田里,24.20905,120.49464
2018,8,后里光電,91.125,8845,3.13,臺中市后里區廣福里,24.296014,120.727262
2018,8,民雄光電,60,3082,1.66,嘉義縣民雄鄉文隆村,23.539493,120.425713
2018,8,永安鹽灘光電,4636.8,398456,2.77,高雄市永安區鹽田里,22.838301,120.206682
2018,8,興達電廠生水池,1627.65,158497,3.14,高雄市永安區興達路6號,22.85893,120.2006475
2018,8,路北光電,60.03,5108,2.74,高雄市路竹區後鄉里,22.83792,120.247142
2018,8,核三廠光電,1458.24,107578,2.38,屏東縣恆春鎮南灣里,21.95814,120.7518569
2018,8,澎湖光電,70.61,7628,3.48,澎湖縣湖西鄉尖山村,23.5636,119.659678
2018,8,七美光電I,154.56,11957,2.5,澎湖縣七美鄉南港村,23.205850,119.442097
2018,8,金門光電,528,46402,2.83,金門縣金沙鎮西園里,24.4993,118.40342
2018,9,大潭光電,651.42,68884,3.52,桃園市觀音區大潭里電廠路1號,25.03115,121.0529
2018,9,中大光電,40.25,4070,3.37,桃園市中壢區三民里,24.972137,121.200708
2018,9,中部儲運光電,91.8,9365,3.4,臺中市后里區后里里,24.323175,120.726434
2018,9,新伯公光電,115.8,10081,2.9,臺中市東勢區上城里,24.221311,120.842605
2018,9,卓蘭光電,41.9,4338,3.45,苗栗縣卓蘭鎮老庄里,24.31509,120.83057
2018,9,台中電廠生水池,2123.04,256297,4.02,台中市龍井區,24.212951,120.490587
2018,9,龍井光電,6485.94,679234,3.49,臺中市龍井區福田里,24.20905,120.49464
2018,9,后里光電,91.125,9433,3.45,臺中市后里區廣福里,24.296014,120.727262
2018,9,民雄光電,60,3331,1.85,嘉義縣民雄鄉文隆村,23.539493,120.425713
2018,9,永安鹽灘光電,4636.8,600805,4.32,高雄市永安區鹽田里,22.838301,120.206682
2018,9,興達電廠生水池,1627.65,213823,4.38,高雄市永安區興達路6號,22.85893,120.2006475
2018,9,路北光電,60.03,7308,4.06,高雄市路竹區後鄉里,22.83792,120.247142
2018,9,核三廠光電,1458.24,145338,3.32,屏東縣恆春鎮南灣里,21.95814,120.7518569
2018,9,澎湖光電,70.61,7859,3.71,澎湖縣湖西鄉尖山村,23.5636,119.659678
2018,9,七美光電I,154.56,15254,3.29,澎湖縣七美鄉南港村,23.205850,119.442097
2018,9,金門光電,528,50790,3.21,金門縣金沙鎮西園里,24.4993,118.40342
2018,10,大潭光電,651.42,64117,3.18,桃園市觀音區大潭里電廠路1號,25.03115,121.0529
2018,10,中大光電,40.25,3270,2.62,桃園市中壢區三民里,24.972137,121.200708
2018,10,中部儲運光電,91.8,9760,3.43,臺中市后里區后里里,24.323175,120.726434
2018,10,新伯公光電,115.8,10347,2.88,臺中市東勢區上城里,24.221311,120.842605
2018,10,卓蘭光電,41.9,4371,3.37,苗栗縣卓蘭鎮老庄里,24.31509,120.83057
2018,10,台中電廠生水池,2123.04,244534,3.72,台中市龍井區,24.212951,120.490587
2018,10,龍井光電,6485.94,708449,3.52,臺中市龍井區福田里,24.20905,120.49464
2018,10,后里光電,91.125,4907,1.74,臺中市后里區廣福里,24.296014,120.727262
2018,10,民雄光電,60,3278,1.76,嘉義縣民雄鄉文隆村,23.539493,120.425713
2018,10,永安鹽灘光電,4636.8,572710,3.98,高雄市永安區鹽田里,22.838301,120.206682
2018,10,興達電廠生水池,1627.65,205053,4.06,高雄市永安區興達路6號,22.85893,120.2006475
2018,10,路北光電,60.03,7134,3.83,高雄市路竹區後鄉里,22.83792,120.247142
2018,10,核三廠光電,1458.24,143340,3.17,屏東縣恆春鎮南灣里,21.95814,120.7518569
2018,10,澎湖光電,70.61,8674,3.96,澎湖縣湖西鄉尖山村,23.5636,119.659678
2018,10,七美光電I,154.56,45770,9.55,澎湖縣七美鄉南港村,23.205850,119.442097
2018,10,金門光電,528,50683,3.1,金門縣金沙鎮西園里,24.4993,118.40342
2018,11,大潭光電,651.42,47366,2.42,桃園市觀音區大潭里電廠路1號,25.03115,121.0529
2018,11,中大光電,40.25,2568,2.13,桃園市中壢區三民里,24.972137,121.200708
2018,11,中部儲運光電,91.8,6674,2.42,臺中市后里區后里里,24.323175,120.726434
2018,11,新伯公光電,115.8,7426,2.14,臺中市東勢區上城里,24.221311,120.842605
2018,11,卓蘭光電,41.9,3259,2.59,苗栗縣卓蘭鎮老庄里,24.31509,120.83057
2018,11,台中電廠生水池,2123.04,174072,2.73,台中市龍井區,24.212951,120.490587
2018,11,龍井光電,6485.94,568164,2.92,臺中市龍井區福田里,24.20905,120.49464
2018,11,后里光電,91.125,3405,1.25,臺中市后里區廣福里,24.296014,120.727262
2018,11,民雄光電,60,2190,1.22,嘉義縣民雄鄉文隆村,23.539493,120.425713
2018,11,永安鹽灘光電,4636.8,456901,3.28,高雄市永安區鹽田里,22.838301,120.206682
2018,11,興達電廠生水池,1627.65,157683,3.23,高雄市永安區興達路6號,22.85893,120.2006475
2018,11,路北光電,60.03,5606,3.11,高雄市路竹區後鄉里,22.83792,120.247142
2018,11,核三廠光電,1458.24,142773,3.26,屏東縣恆春鎮南灣里,21.95814,120.7518569
2018,11,澎湖光電,70.61,6001,2.83,澎湖縣湖西鄉尖山村,23.5636,119.659678
2018,11,七美光電I,154.56,30237,6.52,澎湖縣七美鄉南港村,23.205850,119.442097
2018,11,金門光電,528,38940,2.46,金門縣金沙鎮西園里,24.4993,118.40342
2018,12,大潭光電,651.42,78457,3.89,桃園市觀音區大潭里電廠路1號,25.03115,121.0529
2018,12,中大光電,40.25,2575,2.06,桃園市中壢區三民里,24.972137,121.200708
2018,12,中部儲運光電,91.8,6622,2.33,臺中市后里區后里里,24.323175,120.726434
2018,12,新伯公光電,115.8,8636,2.41,臺中市東勢區上城里,24.221311,120.842605
2018,12,卓蘭光電,41.9,3569,2.75,苗栗縣卓蘭鎮老庄里,24.31509,120.83057
2018,12,台中電廠生水池,2123.04,178306,2.71,台中市龍井區,24.212951,120.490587
2018,12,龍井光電,6485.94,608609,3.03,臺中市龍井區福田里,24.20905,120.49464
2018,12,后里光電,91.125,3679,1.3,臺中市后里區廣福里,24.296014,120.727262
2018,12,民雄光電,60,2217,1.19,嘉義縣民雄鄉文隆村,23.539493,120.425713
2018,12,永安鹽灘光電,4636.8,501575,3.49,高雄市永安區鹽田里,22.838301,120.206682
2018,12,興達電廠生水池,1627.65,162634,3.22,高雄市永安區興達路6號,22.85893,120.2006475
2018,12,路北光電,60.03,6218,3.34,高雄市路竹區後鄉里,22.83792,120.247142
2018,12,核三廠光電,1458.24,142058,3.14,屏東縣恆春鎮南灣里,21.95814,120.7518569
2018,12,澎湖光電,70.61,5071,2.32,澎湖縣湖西鄉尖山村,23.5636,119.659678
2018,12,七美光電I,154.56,25475,5.32,澎湖縣七美鄉南港村,23.205850,119.442097
2018,12,金門光電,528,39437,2.41,金門縣金沙鎮西園里,24.4993,118.40342
2019,1,大潭光電,651.42,40503,2.01,桃園市觀音區大潭里電廠路1號,25.03115,121.0529
2019,1,中大光電,40.25,2593,2.08,桃園市中壢區三民里,24.972137,121.200708
2019,1,中部儲運光電,91.8,6710,2.36,臺中市后里區后里里,24.323175,120.726434
2019,1,新伯公光電,115.8,7937,2.21,臺中市東勢區上城里,24.221311,120.842605
2019,1,卓蘭光電,41.9,3540,2.73,苗栗縣卓蘭鎮老庄里,24.31509,120.83057
2019,1,台中電廠生水池,2123.04,166846,2.54,台中市龍井區,24.212951,120.490587
2019,1,龍井光電,6485.94,546490,2.72,臺中市龍井區福田里,24.20905,120.49464
2019,1,后里光電,91.125,3619,1.28,臺中市后里區廣福里,24.296014,120.727262
2019,1,民雄光電,60,2025,1.09,嘉義縣民雄鄉文隆村,23.539493,120.425713
2019,1,永安鹽灘光電,4636.8,483665,3.36,高雄市永安區鹽田里,22.838301,120.206682
2019,1,興達電廠生水池,1627.65,166450,3.3,高雄市永安區興達路6號,22.85893,120.2006475
2019,1,路北光電,60.03,5842,3.14,高雄市路竹區後鄉里,22.83792,120.247142
2019,1,核三廠光電,1458.24,143577,3.18,屏東縣恆春鎮南灣里,21.95814,120.7518569
2019,1,澎湖光電,70.61,4580,2.09,澎湖縣湖西鄉尖山村,23.5636,119.659678
2019,1,七美光電I,154.56,9662,2.02,澎湖縣七美鄉南港村,23.205850,119.442097
2019,1,金門光電,528,46081,2.82,金門縣金沙鎮西園里,24.4993,118.40342
2019,2,大潭光電,651.42,28241,1.55,桃園市觀音區大潭里電廠路1號,25.03115,121.0529
2019,2,中大光電,40.25,1800,1.6,桃園市中壢區三民里,24.972137,121.200708
2019,2,中部儲運光電,91.8,7126,2.77,臺中市后里區后里里,24.323175,120.726434
2019,2,新伯公光電,115.8,8725,2.69,臺中市東勢區上城里,24.221311,120.842605
2019,2,卓蘭光電,41.9,3626,3.09,苗栗縣卓蘭鎮老庄里,24.31509,120.83057
2019,2,台中電廠生水池,2123.04,175365,2.95,台中市龍井區,24.212951,120.490587
2019,2,龍井光電,6485.94,581115,3.2,臺中市龍井區福田里,24.20905,120.49464
2019,2,后里光電,91.125,3983,1.56,臺中市后里區廣福里,24.296014,120.727262
2019,2,民雄光電,60,2513,1.5,嘉義縣民雄鄉文隆村,23.539493,120.425713
2019,2,永安鹽灘光電,4636.8,557631,4.3,高雄市永安區鹽田里,22.838301,120.206682
2019,2,興達電廠生水池,1627.65,194639,4.27,高雄市永安區興達路6號,22.85893,120.2006475
2019,2,路北光電,60.03,6615,3.94,高雄市路竹區後鄉里,22.83792,120.247142
2019,2,核三廠光電,1458.24,157864,3.87,屏東縣恆春鎮南灣里,21.95814,120.7518569
2019,2,澎湖光電,70.61,4726,2.39,澎湖縣湖西鄉尖山村,23.5636,119.659678
2019,2,七美光電I,154.56,10260,2.37,澎湖縣七美鄉南港村,23.205850,119.442097
2019,2,金門光電,528,34698,2.35,金門縣金沙鎮西園里,24.4993,118.40342
2019,3,大潭光電,651.42,45814,2.27,桃園市觀音區大潭里電廠路1號,25.03115,121.0529
2019,3,中大光電,40.25,2825,2.26,桃園市中壢區三民里,24.972137,121.200708
2019,3,中部儲運光電,91.8,6529,2.29,臺中市后里區后里里,24.323175,120.726434
2019,3,新伯公光電,115.8,7655,2.13,臺中市東勢區上城里,24.221311,120.842605
2019,3,卓蘭光電,41.9,3074,2.37,苗栗縣卓蘭鎮老庄里,24.31509,120.83057
2019,3,台中電廠生水池,2123.04,183238,2.78,台中市龍井區,24.212951,120.490587
2019,3,龍井光電,6485.94,559409,2.78,臺中市龍井區福田里,24.20905,120.49464
2019,3,后里光電,91.125,3412,1.21,臺中市后里區廣福里,24.296014,120.727262
2019,3,民雄光電,60,2360,1.27,嘉義縣民雄鄉文隆村,23.539493,120.425713
2019,3,永安鹽灘光電,4636.8,506985,3.53,高雄市永安區鹽田里,22.838301,120.206682
2019,3,興達電廠生水池,1627.65,186120,3.69,高雄市永安區興達路6號,22.85893,120.2006475
2019,3,路北光電,60.03,6340,3.41,高雄市路竹區後鄉里,22.83792,120.247142
2019,3,核三廠光電,1458.24,179028,3.96,屏東縣恆春鎮南灣里,21.95814,120.7518569
2019,3,澎湖光電,70.61,6300,2.88,澎湖縣湖西鄉尖山村,23.5636,119.659678
2019,3,七美光電I,154.56,12007,2.51,澎湖縣七美鄉南港村,23.205850,119.442097
2019,3,金門光電,528,44929,2.74,金門縣金沙鎮西園里,24.4993,118.40342
2019,4,大潭光電,651.42,62486,3.2,桃園市觀音區大潭里電廠路1號,25.03115,121.0529
2019,4,中大光電,40.25,3400,2.82,桃園市中壢區三民里,24.972137,121.200708
2019,4,中部儲運光電,91.8,7852,2.85,臺中市后里區后里里,24.323175,120.726434
2019,4,新伯公光電,115.8,9623,2.77,臺中市東勢區上城里,24.221311,120.842605
2019,4,卓蘭光電,41.9,3802,3.02,苗栗縣卓蘭鎮老庄里,24.31509,120.83057
2019,4,台中電廠生水池,2123.04,206878,3.25,台中市龍井區,24.212951,120.490587
2019,4,龍井光電,6485.94,624497,3.21,臺中市龍井區福田里,24.20905,120.49464
2019,4,后里光電,91.125,3062,1.12,臺中市后里區廣福里,24.296014,120.727262
2019,4,民雄光電,60,2863,1.59,嘉義縣民雄鄉文隆村,23.539493,120.425713
2019,4,永安鹽灘光電,4636.8,617396,4.44,高雄市永安區鹽田里,22.838301,120.206682
2019,4,興達電廠生水池,1627.65,210045,4.3,高雄市永安區興達路6號,22.85893,120.2006475
2019,4,路北光電,60.03,7121,3.95,高雄市路竹區後鄉里,22.83792,120.247142
2019,4,核三廠光電,1458.24,184397,4.22,屏東縣恆春鎮南灣里,21.95814,120.7518569
2019,4,澎湖光電,70.61,7504,3.54,澎湖縣湖西鄉尖山村,23.5636,119.659678
2019,4,七美光電I,154.56,13548,2.92,澎湖縣七美鄉南港村,23.205850,119.442097
2019,4,金門光電,528,48798,3.08,金門縣金沙鎮西園里,24.4993,118.40342
2019,4,七美光電II,199.72,25514,4.26,澎湖縣七美鄉南港村,23.19373,119.42216
2019,4,龍潭光電,162,15573,3.2,桃園市龍潭區,24.843098,121.187895
2019,4,竹工光電,228,23582,3.45,新竹縣湖口鄉八德路三段135 巷30 號,24.890504,121.093135
2019,4,中科光電,198,22281,3.75,台中市西屯區中科路2號,24.205976,120.619625
2019,4,彰林光電,258,31841,4.11,彰化縣埤頭鄉,23.928664,120.454821
2019,4,七股光電,1799.5,240901,4.46,台南市七股區,23.096274,120.135854
2019,4,高雄ES,379.76,48264,4.24,高雄市永安區,22.858936,120.200559
2019,4,燕巢光電,497.76,61203,4.1,高雄市燕巢區,22.760482,120.348182
2019,4,大潭GIS,710.04,72387,3.4,桃園市觀音區大潭里,25.02966,121.0512583
2019,4,北儲光電,907.68,93435,3.43,桃園市觀音區大潭里,25.026518,121.060315
2019,5,大潭光電,651.42,57139,2.83,桃園市觀音區大潭里電廠路1號,25.03115,121.0529
2019,5,中大光電,40.25,3026,2.43,桃園市中壢區三民里,24.972137,121.200708
2019,5,中部儲運光電,91.8,6595,2.32,臺中市后里區后里里,24.323175,120.726434
2019,5,新伯公光電,115.8,6508,1.81,臺中市東勢區上城里,24.221311,120.842605
2019,5,卓蘭光電,41.9,2834,2.18,苗栗縣卓蘭鎮老庄里,24.31509,120.83057
2019,5,台中電廠生水池,2123.04,191837,2.96,台中市龍井區,24.212951,120.490587
2019,5,龍井光電,6485.94,591014,2.93,臺中市龍井區福田里,24.20905,120.49464
2019,5,后里光電,91.125,2335,0.83,臺中市后里區廣福里,24.296014,120.727262
2019,5,民雄光電,60,2196,1.18,嘉義縣民雄鄉文隆村,23.539493,120.425713
2019,5,永安鹽灘光電,4636.8,507230,3.53,高雄市永安區鹽田里,22.838301,120.206682
2019,5,興達電廠生水池,1627.65,185461,3.65,高雄市永安區興達路6號,22.85893,120.2006475
2019,5,路北光電,60.03,5983,3.22,高雄市路竹區後鄉里,22.83792,120.247142
2019,5,核三廠光電,1458.24,150885,3.46,屏東縣恆春鎮南灣里,21.95814,120.7518569
2019,5,澎湖光電,70.61,6733,3.08,澎湖縣湖西鄉尖山村,23.5636,119.659678
2019,5,七美光電I,154.56,13439,2.8,澎湖縣七美鄉南港村,23.205850,119.442097
2019,5,金門光電,528,45647,2.79,金門縣金沙鎮西園里,24.4993,118.40342
2019,5,七美光電II,199.72,22986,3.71,澎湖縣七美鄉南港村,23.19373,119.42216
2019,5,龍潭光電,162,12947,2.58,桃園市龍潭區,24.843098,121.187895
2019,5,竹工光電,228,21356,3.02,新竹縣湖口鄉八德路三段135 巷30 號,24.890504,121.093135
2019,5,中科光電,198,19006,3.1,台中市西屯區中科路2號,24.205976,120.619625
2019,5,彰林光電,258,27057,3.38,彰化縣埤頭鄉,23.928664,120.454821
2019,5,七股光電,1799.5,205554,3.68,台南市七股區,23.096274,120.135854
2019,5,高雄ES,379.76,42486,3.61,高雄市永安區,22.858936,120.200559
2019,5,燕巢光電,497.76,29747,1.93,高雄市燕巢區,22.760482,120.348182
2019,5,大潭GIS,710.04,70440,3.2,桃園市觀音區大潭里,25.02966,121.0512583
2019,5,北儲光電,907.68,89754,3.19,桃園市觀音區大潭里,25.026518,121.060315
2019,5,彰濱光電,99999.1,6507157,2.1,彰化縣鹿港鎮崙尾區,24.107342,120.395931
2019,6,大潭光電,651.42,48022,2.46,桃園市觀音區大潭里電廠路1號,25.03115,121.0529
2019,6,中大光電,40.25,3850,3.19,桃園市中壢區三民里,24.972137,121.200708
2019,6,中部儲運光電,91.8,8030,2.92,臺中市后里區后里里,24.323175,120.726434
2019,6,新伯公光電,115.8,8695,2.5,臺中市東勢區上城里,24.221311,120.842605
2019,6,卓蘭光電,41.9,3438,2.74,苗栗縣卓蘭鎮老庄里,24.31509,120.83057
2019,6,台中電廠生水池,2123.04,221705,3.53,台中市龍井區,24.212951,120.490587
2019,6,龍井光電,6485.94,680557,3.49,臺中市龍井區福田里,24.20905,120.49464
2019,6,后里光電,91.125,2700,0.99,臺中市后里區廣福里,24.296014,120.727262
2019,6,民雄光電,60,2342,1.3,嘉義縣民雄鄉文隆村,23.539493,120.425713
2019,6,永安鹽灘光電,4636.8,576892,4.15,高雄市永安區鹽田里,22.838301,120.206682
2019,6,興達電廠生水池,1627.65,193940,3.96,高雄市永安區興達路6號,22.85893,120.2006475
2019,6,路北光電,60.03,6279,3.49,高雄市路竹區後鄉里,22.83792,120.247142
2019,6,核三廠光電,1458.24,169326,4.09,屏東縣恆春鎮南灣里,21.95814,120.7518569
2019,6,澎湖光電,70.61,7979,3.77,澎湖縣湖西鄉尖山村,23.5636,119.659678
2019,6,七美光電I,154.56,14055,3.03,澎湖縣七美鄉南港村,23.205850,119.442097
2019,6,金門光電,528,48875,3.09,金門縣金沙鎮西園里,24.4993,118.40342
2019,6,七美光電II,199.72,24703,4.12,澎湖縣七美鄉南港村,23.19373,119.42216
2019,6,龍潭光電,162,16896,3.48,桃園市龍潭區,24.843098,121.187895
2019,6,竹工光電,228,25737,3.76,新竹縣湖口鄉八德路三段135 巷30 號,24.890504,121.093135
2019,6,中科光電,198,20953,3.53,台中市西屯區中科路2號,24.205976,120.619625
2019,6,彰林光電,258,30159,3.9,彰化縣埤頭鄉,23.928664,120.454821
2019,6,七股光電,1799.5,189176,3.5,台南市七股區,23.096274,120.135854
2019,6,高雄ES,379.76,45697,4.01,高雄市永安區,22.858936,120.200559
2019,6,燕巢光電,497.76,55200,3.7,高雄市燕巢區,22.760482,120.348182
2019,6,大潭GIS,710.04,83227,3.91,桃園市觀音區大潭里,25.02966,121.0512583
2019,6,北儲光電,907.68,94775,3.48,桃園市觀音區大潭里,25.026518,121.060315
2019,6,彰濱光電,99999.1,12693699,4.23,彰化縣鹿港鎮崙尾區,24.107342,120.395931